cancer_type,n_patients,n_events,logrank_p,cox_hr,cox_p,median_score,high_n,low_n
BRCA,90,11,0.20532898804377112,2001.8535728042577,0.10264481157553197,0.9064482963107869,45,45
LUAD,77,37,0.7593541768826362,3.042544735840789,0.4578473480511952,0.8914364912438952,38,39
KIRC,78,30,0.7274556884256322,0.023834661121815662,0.13807758296611516,0.9887633635166022,39,39
