{
  "experiment": "Exp 22: SL-Based Prognostic Signature",
  "candidate_genes": 36,
  "signature_genes": {
    "BRAF": 0.5152830982106137,
    "KIF14": 0.016589300592797205,
    "CDK6": 0.17232271732161833,
    "ORC6": 0.30163929288683683,
    "CHAF1B": 0.053024685306009796,
    "MAD2L1": 0.03219840052197105
  },
  "validation": {
    "LUAD": {
      "cancer_type": "LUAD",
      "n_patients": 37,
      "n_events": 37,
      "n_high": 19,
      "n_low": 18,
      "logrank_p": 0.0006756172894961805,
      "c_index": 0.7342342342342343
    },
    "KIRC": {
      "cancer_type": "KIRC",
      "n_patients": 30,
      "n_events": 30,
      "n_high": 15,
      "n_low": 15,
      "logrank_p": 0.7152730876494148,
      "c_index": 0.496551724137931
    }
  }
}