gene,coefficient
BRAF,0.5152830982106137
KIF14,0.016589300592797205
CDK6,0.17232271732161833
ORC6,0.30163929288683683
CHAF1B,0.053024685306009796
MAD2L1,0.03219840052197105
