{
  "n_patients": 7030,
  "n_cancer_types": 15,
  "5yr_survival": {
    "BLCA": 0.2940900913600447,
    "BRCA": 0.8075245560080461,
    "CESC": 0.6280450831648416,
    "COAD": 0.6068519466159266,
    "HNSC": 0.4354018884629951,
    "KIRC": 0.5905553437675002,
    "LGG": 0.5868005270871293,
    "LIHC": 0.4021596901342727,
    "LUAD": 0.3503167351869969,
    "LUSC": 0.44663585000096717,
    "OV": 0.2780072679294761,
    "PRAD": 0.9772300251022422,
    "STAD": 0.3466742526043474,
    "THCA": 0.9234187763367248,
    "UCEC": 0.7457454289403501
  },
  "median_survival_years": {
    "BLCA": 1.8754277891854894,
    "BRCA": 10.789869952087612,
    "CESC": 8.33949349760438,
    "COAD": 6.776180698151951,
    "HNSC": 4.01368925393566,
    "KIRC": 6.414784394250513,
    "LGG": 6.247775496235455,
    "LIHC": 3.7946611909650922,
    "LUAD": 3.5263518138261465,
    "LUSC": 3.89596167008898,
    "OV": 3.46611909650924,
    "PRAD": 15.0,
    "STAD": 2.2039698836413417,
    "THCA": 15.0,
    "UCEC": 15.0
  },
  "worst_prognosis": [
    "OV",
    "BLCA",
    "STAD"
  ],
  "best_prognosis": [
    "PRAD",
    "THCA",
    "BRCA"
  ]
}